Mean_A,StdDev_A,Variance_A,Mean_B,StdDev_B,Variance_B,T-statistic,P-value
0.59394625,0.2817322343714481,0.07937305188392858,0.5739125,0.2552895243640052,0.06517274125,0.14904057424309403,0.8836472273041299
